<?xml version="1.0" encoding="UTF-8"?>
<!--
  Copyright 2016 LinkedIn Corp.

  Licensed under the Apache License, Version 2.0 (the "License"); you may not
  use this file except in compliance with the License. You may obtain a copy of
  the License at

  http://www.apache.org/licenses/LICENSE-2.0

  Unless required by applicable law or agreed to in writing, software
  distributed under the License is distributed on an "AS IS" BASIS, WITHOUT
  WARRANTIES OR CONDITIONS OF ANY KIND, either express or implied. See the
  License for the specific language governing permissions and limitations under
  the License.
-->

<!-- General configurations -->
<configuration>
  <property>
    <name>drelephant.analysis.thread.count</name>
    <value>3</value>
    <description>Number of threads to analyze the completed jobs</description>
  </property>
  <property>
    <name>drelephant.analysis.fetch.interval</name>
    <value>60000</value>
    <description>Interval between fetches in milliseconds</description>
  </property>
  <property>
    <name>drelephant.analysis.retry.interval</name>
    <value>60000</value>
    <description>Interval between retries in milliseconds</description>
  </property>
  <property>
    <name>drelephant.application.search.match.partial</name>
    <value>true</value>
    <description>If this property is "false", search will only make exact matches</description>
  </property>
  <!--
  Initial window in MS to indicate how much older apps to fetch from RM.
  -->
  <!--
  <property>
    <name>drelephant.analysis.fetch.initial.windowMillis</name>
    <value>3600000</value>
  </property> -->
  <property>
    <name>drelephant.analysis.backfill.enabled</name>
    <value>false</value>
    <description>Enables or disables backfilling. Please note that merely enabling backfilling
    does not ensure backfilling. Backfilling should also be implemented for the fetcher(s) configured.
    </description>
  </property>
  <property>
    <name>drelephant.analysis.backfill.retry.interval</name>
    <value>60000</value>
    <description>Time interval, in milliseconds, to wait before retrying backfill if it failed
    during an earlier attempt.</description>
  </property>
  <property>
    <name>drelephant.analysis.prioritization-on-job-query.max-wait-interval</name>
    <value>60000</value>
    <description>Maximum amount of time, in milliseconds, to wait for job information to appear in DB
    and return a successful result with job info for a job which was queried using job REST endpoint
    with prioritize query param set</description>
  </property>
  <property>
    <name>drelephant.analysis.submit-backfill-job.with.low-priority</name>
    <value>true</value>
    <description>If this property is "true", it indicates that backfill job will be added to executor
    for analysis with LOW priority. If "false", it will be submitted with NORMAL priority</description>
  </property>
</configuration>
